Popularity,Movie Title,Trivia 1,Trivia 2,Trivia 3
1,Sinners,"Ryan Coogler explained in an interview that Remmick was partially inspired by the character Death in Çizmeli Kedi: Son Dilek (2022), noting both his eyes and demeanor.","It's particularly significant that Remmick is introduced fleeing from Choctaw hunters. Not only is the movie set in the historic Choctaw homeland, there is a long history of cooperation between the Choctaw (and Native America more broadly) and the Irish. The Irish Potato Famine occurred sixteen years after the Choctaw, Cherokee, Muscogee, Seminole, and Chickasaw peoples were forced to walk the Trail of Tears. Knowing tragedy and hunger themselves, Choctaw and Cherokee survivors donated hundreds of dollars to support famine relief. In 2017, Ireland erected the Kindred Spirits sculpture in acknowledgment of friendship between the two peoples, with a companion sculpture called Eternal Heart installed on Choctaw land in 2024. When the Coronavirus Pandemic began in 2020 and the Navajo and Hopi nations were hit especially hard, Ireland sent a two million dollar donation, accrediting it to Choctaw kindness in their time of need.","Ryan Coogler was asked about whether he considered a potential sequel. Although it was an idea that he never thought about, the director elaborated on how he wanted to work on something original after having done many franchise projects. He then explained that his intention for the film was to ""feel like a full meal"" and would be a ""finished thing."" ""I never think about that. I've been in a space of making franchise films for a bit, so I wanted to get away from that. I was looking forward to working on a film that felt original and personal to me and had an appetite for delivering something to audiences that was original and unique. I wanted the movie to feel like a full meal: your appetizers, starters, entrees and desserts, I wanted all of it there. I wanted it to be a holistic and finished thing. That was how I was asked all about it. That was always my intention."
2,Havoc,"Havoc wrapped filming in 2021, but after multiple re-shoots, its release was delayed, finally hitting screens in April 2025.",Cardiff Bay streets were transformed to resemble snowy American cityscapes for the production.,Derin Kargaşa (2025) was released direct-to-video on Netflix in April 2025.
3,Conclave,"In the wake of Pope Francis's death on April 21, 2025, numerous sources have cited by this film for its accuracy in detailing the conclave process. When the pope is found deceased, he is asked three times if he is dead, and a sterling silver hammer is tapped on his head before the ""sede vacante"" is declared. The papal ring (called the Ring of the Fisherman) is removed and destroyed, to prevent it from being used to forge the pope's seal on documents. An official announcement that the throne of the Holy See (the Catholic church's governing body) is vacant is made, which begins a nine day period of mourning. The papal apartment is closed off with crimson ribbon and sealed with a wax papal stamp. The College of Cardinals are sequestered in apartments (Domus Sanctae Marthae, or Saint Martha's House) to eat and sleep between votes. Finally, the windows and doors to the Sistine Chapel, where the actual election takes place and ballots are cast, are darkened, shuttered, and locked to maintain the secrecy of the conclave. Newer security measures are shown as well, such as the Sistine Chapel being swept for electronic listening devices. ID cards are issued to all conclave servants after a reporter disguised as a servant was discovered during the conclave that elected Pope Benedict XVI in 2005. All members of the College of Cardinals are required to surrender their mobile phones and other electronic devices, Vatican City's Wi-Fi network is temporarily shut down, and wireless signal jammers are activated within the Sistine Chapel itself.","Costume designer Lisy Christl was unimpressed with the red robes that cardinals currently sport, deeming them to be too drab. She chose a red used in 17th century vestments as they were much more vibrant.","In 533, John II became the first pope to adopt a papal name. He thought his birth name, Mercury, was inappropriate because it was also the name of a Roman god. The last pope to keep his own name as a papal name was Marcellus II, in 1555."
4,A Minecraft Movie,"This film was originally going to be directed by Shawn Levy, but he left the project after disagreements with the Minecraft developers as they thought that his idea did not suit the game.","There are many references to Napoleon Dynamite, one of Jared Hess' earlier films such as the troublesome alpacas, the storing of tater tots in pants pockets, and the self-defense training dojo (the t-shirts having a similar design to the Vote for Pedro shirts).","Jack Black was set to only appear as a cameo in the form of a talking pig, but due to the 2023 Hollywood labor disputes. Black taking over the role of Steve after Matt Berry had to vacate the role"
5,The Accountant 2,"In February 2020, Ben Affleck revealed there were talks about a follow-up to Hesaplaşma (2016), but they had yet to nail down a script. At the same time, he also mentioned there were talks of developing a TV series based on the film.",The story Braxton tells the woman in Germany about Terry the Dog and the Munchkins is actually true: the terrier got paid more than double what the little people received.,All the major cast returned for this sequel with the exception of Anna Kendrick.
6,Warfare,Warfare was filmed chronologically over 5 weeks.,The film is based on the memories of each SEAL team members present during the mission. Each scene in the film was corroborated by at least 2 or more of the SEAL team members interviewed by Ray Mendoza and Alex Garland.,Names of the real SEAL team members' were changed in the film to protect their identities as some are still serving in the military or preferred to remain anonymous. The only names that weren't changed in the film are: Ray Mendoza and Elliott Miller.
7,Predator: Badlands,"Set on the Predator home-world, Predator: Badlands features a complete written and verbal Predator language created by Paul R. Frommer, the linguist who developed the Na'vi language for Avatar (2009). Dimitrius Schuster-Koloamatangi, who plays the lead Predator, Dek, learned the language for the role and delivered his lines while wearing a full Predator suit created by Alec Gillis. However, unlike previous Predator films, Dek's face is CGI rather than animatronic, allowing the actor's facial performance to be conveyed via motion capture.","This is not a sequel to the 2022 movie Prey, but it is set within the Predator universe.","Director Dan Trachtenberg says he's also working on another ""secret Predator movie that will come out before the theatrical"" release (i.e. Badlands), implying that it will be direct to video and perhaps animated. This ended up being Predator: Killer of Killers (2025)."
8,Snow White,Dylan Postl and Jason 'Wee Man' Acuña were two of the many little-people actors who wanted to play the Dwarfs in this movie.,"Following comments by Peter Dinklage alleging the original film depicted the dwarfs in a negative light, Disney announced on January 25, 2022, that they would approach the characters differently, while also consulting members of the dwarfism community. Many fans of the original including Dylan Postl pointed out that many of Dinklage's remarks were incorrect. For one, he said the dwarfs lived in a cave. They actually lived in a very nice cottage and worked in a diamond mine.","The architecture of the townhouses near the castle resembles that of the architectural styles of the Hesse region in Germany, which is where The Brothers Grimm (who published the original Snow White story) were from."
9,Thunderbolts*,"Florence Pugh told Fandango that she incessantly emailed Marvel Studios president Kevin Feige about not using a stunt double for the filming of a scene in which her character, jumps off the second tallest building in the world. The Merdeka 118 in Kuala Lumpur, Malaysia. The building stands at 2,722 feet tall. Pugh loves heights and wanted to be the one to jump off. ""I got on all the emails. It was in the script, and then slowly as we got closer and closer to shooting, they said they don't think it's going to happen because it's a crazy insurance ordeal and obviously we're not going to throw [me] off the second tallest building in the world,"" Pugh said. ""I was like what the f*ck? Of course we are! We have to do that."" ""I was being a sassy Karen emailing Kevin [Feige] and saying it's going to do wonders for the press tour,"" she continued. ""We have to do this! We're going to have three women break three different Guinness World Records and we'll do this and this. I had to keep on pushing and then they're like, 'Okay, if you want to fall off the second tallest building, we'll figure it out for you.' I don't mind heights. I quite like them and enjoy them, but that was a whole different ballgame and insane. The mental control I had to do that day was its own super power."" Pugh added that jumping off the second tallest building in the world required such adrenaline that ""I fell asleep for three hours after I did the stunt because my brain [went down].""","Steven Yeun was originally cast as Robert Reynolds/Sentry, but after filming was delayed due to the SAG-AFTRA strikes (2023), Yeun dropped out due to scheduling conflicts and was later replaced with Lewis Pullman. He later expressed disappointment of not being able to do the film, and hopes to be cast in another Marvel movie.","According to director Jake Schreier, he used blast shadows (a phenomenon where a nuclear blast can eradicate people but leave behind their shadows burned into the ground/wall) as part of the Void's shadow powers for their simplicity and horror."
10,Until Dawn,David F. Sandberg employed mostly practical VFX on this movie.,"When asked about the game's Butterfly Effect element and how the movie played into it, director David F. Sandberg revealed there was once a version of the movie that had a more explicit translation of this in the film, though later elected to hide ""little runes throughout the film"" to allude to this theme. He explained, ""There was definitely a version of that with the night starting over each time, leading to different choices which tie in. There's even some hidden little runes throughout the film -- I had found this rune that means ""Dawn"" or ""New Day"" or something and it kind of looks like the wings of a butterfly -- so we put that in here and there, like in the witch's house there's that shape made out of bones, and on the pickax there's the little rune. So we definitely tried to tie that in as much as we could.""","David F. Sandberg conceived the closing credits title sequence with the missing persons posters during filming, believing it would be a ""really fun"" way to end the movie. ""I thought it would be really fun for the end credits to have missing posters of the whole crew and cast on that board. So I wanted to do that, but I was also clear to everyone, ""You don't have to do it if you don't want to."" The editor Michel Aller chose a childhood picture of herself, so it looks like a child edited this movie. (Laughs.) When I showed the movie to everyone else, they were so envious of her. They were like, ""You could use a childhood picture? What the fuck!? Why didn't I think of that?"" But everyone thought it was a fun idea to do that, and I love it because you get to see the people who made the movie, for a change."""
11,Companion,"Sophie Thatcher can cry from one eye at a time on command, much to the delight of Drew Hancock.","Zach Cregger initially eyed Companion as his directorial follow-up to Barbar (2022), though the team wound up setting the project as the directorial debut of Drew Hancock.","No year is given in the film. However, Josh's phone reads ""Sunday, June 25."" In the 21st century, June 25 falls on a Sunday in 2006, 2017, 2023, 2028, 2034, 2045, 2051, 2056, 2062, 2073, 2079, 2084, and 2090. In the 22nd century: 2101, 2107, 2112, 2118, 2129, 2135, 2140, 2146, 2157, 2163, 2174, 2185, 2191, and 2196."
12,Ash,-,-,-
13,The Fantastic Four: First Steps,"Marvel Studios regained the film rights to Fantastic Four after Disney bought most of 21st Century Fox's film and TV assets, including franchises.","Marvel fans have been campaigning for years to have John Krasinski and Emily Blunt play Reed Richards/Mister Fantastic and Susan Storm/Invisible Woman, as they are married in real life and already have solid power couple chemistry onscreen. Krasinski has reportedly wanted to play Mister Fantastic after seeing a fan-art of him and his wife as the characters, but in an interview with Blunt, she claimed that Marvel Studios have not contacted either of them about Fantastic 4. Even if they did, she is not a fan of superhero films. Fans have also campaigned to have Zac Efron play Johnny Storm/Human Torch. Krasinski did get to play Mister Fantastic briefly in Doktor Strange: Çoklu Evren Çılgınlığında (2022).","On the same day of the film's release day announcement, Kevin Feige confirmed that the film would not be an origin story, a decision compared to that of Örümcek Adam: Eve Dönüş (2017)."
14,iHostage,"The Bulgarian that was held hostage in real life has asked for privacy and wished to remain anonymous. The fictional character of Ilian, played by Admir Sehovic, is given the actor's name as the character's first surname, Ilian Admir Petrov, as it can be seen in his passport when he hands it at the hotel check in. Bulgarians have two surnames. The first one is the father's name, so it could be Admir or Admirov, shared only by siblings, and the second is the family name, Petrov, shared by cousins and extended family.","Based on a real-life incident that occurred in Amsterdam in 2022. A gunman entered an Apple Store, took a hostage, and demanded a large sum of money in Bitcoin.","Due to legal issues with Apple, using the real store where the real-life incident occurred was not possible. The crew, therefore, had to scan the whole area of Leidseplein visible from inside the store and then recreate it in an airplane hangar in Katwijk."
15,The Amateur,"The film's source novelist is Robert Littell who has been a journalist and novelist who specializes in espionage novels that frequently are set around the spy world of the CIA and the former Soviet Union. He wrote the screenplay for the original movie of 'The Amateur' then wrote the novel of the same name afterwards. The book has a slightly different title, it being ""The Amateur: A Novel of Revenge (1981)"". The original 'Amateur' movie was his first film & TV credit.","The house of Charlie and Sarah (Rami Malek and Rachel Brosnahan) is the same house in the Black Mirror episode ""Beyond the Sea"" (S06E03) with Aaron Paul and Kate Mara.",Filming was suspended in July 2023 due to the SAG-AFTRA strike. Filming resumed by December 2023.
